Workbook
Name G: #REF!
Name H: #REF!
Name HOLA: POSICIONES!$C$10

Sheet DATOS
AF2: PRODUCT CERTIFICATION
AF3: QUALITY CONTROL DEPARTMENT
AF4: QUALITY CERTIFICATE
B7: CLIENT: | U7: PRODUCTION LOT: | AO7: COLOR:
B8: VEHICLE: | U8: COMPOSITION: | AO8: PART NUMBER:
B9: PART: | U9: OUTER GLASS FINISH: | AE9: ACCORDING TO DRAWING | AO9: PACKAGE EDGE TYPE:
B46: SUPERFICIAL AND INTERNAL APPEARANCE VISUAL DEFECTS CHART
B48: ITEM | E48: ZONE | H48: CODE OF DEFEC | K48: DESCRIPTION | AK48: SIZE (mm) | AP48: QUANTITY OF DEFECTS | AR48: ACCORDING TO QV0008 2.3.2
B49: 1
B50: 2
B51: 3
B52: 4 | K52: =+VLOOKUP(H52,'Lista Defeitos'!$A:$C,3) -> -
B53: 5 | K53: =+VLOOKUP(H53,'Lista Defeitos'!$A:$C,3) -> -
B54: 6 | K54: =+VLOOKUP(H54,'Lista Defeitos'!$A:$C,3) -> -
B55: 7 | K55: =+VLOOKUP(H55,'Lista Defeitos'!$A:$C,3) -> -
B56: 8 | K56: =+VLOOKUP(H56,'Lista Defeitos'!$A:$C,3) -> -
B57: 9 | K57: =+VLOOKUP(H57,'Lista Defeitos'!$A:$C,3) -> -
B58: 10 | K58: =+VLOOKUP(H58,'Lista Defeitos'!$A:$C,3) -> -
B59: 11 | K59: =+VLOOKUP(H59,'Lista Defeitos'!$A:$C,3) -> -
B60: 12 | K60: =+VLOOKUP(H60,'Lista Defeitos'!$A:$C,3) -> -
K62: OK | V62: Not OK | AL62: OK | AS62: Not OK
B63: TERMINALS INSULATION | AE63: LOGO (INTERNAL BLACK)
B64: TERMINALS | AE64: CHAMFER
B65: FINISHING | AE65: REFLECTION
B66: MIRROR BRACKET | AE66: BLACK BAND INTERNAL
B67: THICKNEES (33,3 - 37,1 mm) | AE67: BLACK BAND EXTERNAL
B68: SERIGRAPHY
B70: COMMENTS | AO70: CONVENTIONS
AO72: B = WIDTH (mm)
AO73: L = LENGTH (mm)
AO74: D = DIAMETER (mm)
AO75: A = DISTANCE (mm)
B76: ANNEXES | AO76: IT = INSIDE TOLERANCE
B77: See attached the geometric report | AO77: OT = OUT OF TOLERANCE
AO78: Z = ZONE
AO79: N/A = NOT APPLICABLE
C83: ELENA BEJARANO | Y83: LINA TOVAR
C84: AUTHORIZED BY | N84: REVIEWED BY | Y84: CONTROL CHECK | AO84: DATE:
B86: 751-28-03A-15-F01 V.4 | AV86: Pag 1 of 10

Sheet TERMO
C2: REPORT THERMOGRAPHY | M2: QUALITY CONTROL
B4: PART NUMBER AGP: | C4: =DATOS!AE7 -> 0 | L4: DATE:
B5: PART: | C5: =+DATOS!E9 -> 0
B6: CUSTOMER: | C6: BENTELER lightweight Protection GmbH
B7: REASON FOR SUBMISSION | E7: Report Evaluation of Quality | M7: Part Submission warrant
E8: First Production Shipment | M8: Special Sample
E9: Re-submission | M9: Other
E10: Engineering change
B11: HEATING ZONE
E12: SOURCE POWER [V] | H12: CURRENT [A] | L12: POWER [W] | M12: RESISTANCE [Ohm]
N13: MIN | O13: MAX
M14: WINSHIELD | N14: 0.68 | O14: 0.92
B15: RESISTANCE LEFT (HFS 4) | E15: [12,1 +/- 0,1] | G15: 12.1 | H15: =G15/M15 -> #DIV/0! | L15: =G15^2/M15 -> #DIV/0!
B16: RESISTANCE RIGHT (HFS 4) | G16: 12.1 | H16: =G16/M16 -> #DIV/0! | L16: =G16^2/M16 -> #DIV/0!
B17: RESISTANCE LEFT (HFS 4) | E17: [9,6 +/- 0,1] | G17: 12.1 | H17: =G17/M17 -> #DIV/0! | L17: =G17^2/M17 -> #DIV/0!
B18: RESISTANCE CAMARA (HFS 4) | G18: 9.6 | H18: =G18/M18 -> #DIV/0! | L18: =G18^2/M18 -> #DIV/0!
B19: Left Thermograph | E19: Right Thermograph | L19: Camera Thermograph
B32: ELECTRIC TERMINALS
B33: UPPER CENTRAL | E33: LOWER LEFT | L33: LOWER RIGHT
B35: OK | E35: OK | L35: OK
B38: ELENA BEJARANO | M38: LINA TOVAR
B39: AUTHORIZED BY | F39: REVIEWED BY | M39: CONTROL CHECK
B42: 751-28-03A-15-F01 V.4 | N42: Pag 2 of 10
AP44: QV0008 2.3.2
AP45: OT
AQ49: -
AL50: X
AL68: xx
B74: Defects 1 to 7 are not vissible to daylight

Sheet DISTORSION
D2: REFRACTIVE POWER According to QV0008 - 2.2.3. | H2: QUALITY CONTROL
B6: PART NUMBER AGP: | G6: DATE:
B7: PROJECT: | D7: =DATOS!E8 -> 0 | G7: CUSTOMER: | H7: =DATOS!E7 -> 0
B8: REASON FOR SUBMISSION:
D10: Report Evaluation of Quality | G10: Part Submission warrant
D11: First Production Shipment | G11: Special Sample
D12: Re-submission | G12: Other
D13: Engineering change
B14: QUALITY TEST | E14: Refractive Power | G14: STANDARD | H14: DIN 52305
B16: DESCRIPTION OF TEST
B17: Determination of Refractive Power is according to AZDIN 52305 for Zones 1 and 2.
B20: CONDITIONS
D21: HR: 60% | E21: T (ºC): 23°C
B23: EVALUATION
E24: ZONE A | G24: ZONE B
E25: MEASUREMENT 1 | G25: MEASUREMENT 2
D26: Max | E26: 10.1 | F26: 0 | G26: 11.1 | H26: 0
D27: Min | E27: 10 | F27: 0 | G27: 11 | H27: 0
D28: Db | E28: =E26-E27 -> 0.1 | F28: =F26-F27 -> 0 | G28: =G26-G27 -> 0.1 | H28: =H26-H27 -> 0
D29: L1 | E29: 3.32 | F29: 3.32 | G29: 3.32 | H29: 3.32
D30: L2 | E30: 5.3 | F30: 5.3 | G30: 5.3 | H30: 5.3
D31: b | E31: 12 | F31: 12 | G31: 12 | H31: 12
D32: n | E32: 1.5 | F32: 1.5 | G32: 1.5 | H32: 1.5
D33: e | E33: 58 | F33: 58 | G33: 58 | H33: 58
D34: rad | E34: =RADIANS(E33) -> 1.012291 | F34: =RADIANS(F33) -> 1.012291 | G34: =RADIANS(G33) -> 1.012291 | H34: =RADIANS(H33) -> 1.012291
D35: f(e) | E35: =(E32^2-(SIN(E34))^2)^0.5/(COS(E34))-1 -> 1.3348101 | F35: =(F32^2-(SIN(F34))^2)^0.5/(COS(F34))-1 -> 1.3348101 | G35: =(G32^2-(SIN(G34))^2)^0.5/(COS(G34))-1 -> 1.3348101 | H35: =(H32^2-(SIN(H34))^2)^0.5/(COS(H34))-1 -> 1.3348101
D36: Do | E36: =(E28*(E29+E30)*(E32-1)*COS(E34))/(E31*E29*E30*E35) -> 0.00081034935 | F36: =(F28*(F29+F30)*(F32-1)*COS(F34))/(F31*F29*F30*F35) -> 0 | G36: =(G28*(G29+G30)*(G32-1)*COS(G34))/(G31*G29*G30*G35) -> 0.00081034935 | H36: =(H28*(H29+H30)*(H32-1)*COS(H34))/(H31*H29*H30*H35) -> 0
C37: RESULT | D37: mdop | E37: =E36*10000 -> 8.1034935 | F37: =F36*10000 -> 0 | G37: =G36*10000 -> 8.1034935 | H37: =H36*10000 -> 0
C38: REQUERIMENT | D38: mdop | E38: < 85 | F38: < 85 | G38: < 150 | H38: < 150
B40: DISTORTION IMAGE AT 0° | E40: DISTORTION WHIOUT ZEBRA | G40: DISTORTION IMAGE AT 45°
B51: REFLECTION 1 | E51: LANDSCAPE DISTORTION | G51: REFLECTION 2
B61: Requirement: Without interruption of grid lines | E61: Requirement: Without interruption of grid lines | G61: Requirement: Without interruption of grid lines
B63: CONCLUSION
B64: This part fullfill with requirements
B66: ELENA BEJARANO | H66: LINA TOVAR
B67: AUTHORIZED BY | E67: REVIEWED BY | H67: CONTROL CHECK
B69: 751-28-03A-15-F01 V.4 | H69: Pag 3 of 10

Sheet DOBLE IMAGEN
C2: SECONDARY IMAGE SEPARATION | G2: QUALITY CONTROL
B6: PART NUMBER AGP: | F6: DATE:
B7: PROJECT: | C7: =+DATOS!$E$8 -> 0 | F7: CUSTOMER: | G7: BENTELER lightweight
B8: REASON FOR SUBMISSION | D8: Report Evaluation of Quality | G8: Part Submission warrant
D9: First Production Shipment | G9: Special Sample
D10: Re-submission | G10: Other
D11: Engineering change
B12: QUALITY TEST | C12: Secondary Image Separation | F12: STANDARD | G12: ISO 3538
B14: DESCRIPTION OF TEST
B18: RESULTS
B19: CONDITIONS
B20: HR: | C20: 0.6
B21: T (ºC): | C21: 23°C
D23: REQUIREMENT: <20 arcmin
D25: DOUBLE IMAGE
B35: CONCLUSION: This part fullfill with requirements.
B40: ELENA BEJARANO | G40: LINA TOVAR
B41: AUTHORIZED BY | D41: REVIEWED BY | G41: CONTROL CHECK
B44: 751-28-03A-15-F01 V.4 | G44: Pag 4 of 10

Sheet ACCESSORIES
C2: ACCESSORIES | M2: QUALITY CONTROL
B4: PART NUMBER AGP: | C4: =DATOS!AE7 -> 0 | L4: DATE: | M4: 15/11/2023
B5: PART: | C5: =+DATOS!E9 -> 0
B6: CUSTOMER: | C6: BENTELER lightweight Protection GmbH
B7: REASON FOR SUBMISSION | E7: Report Evaluation of Quality | M7: Part Submission warrant
E8: First Production Shipment | M8: Special Sample
E9: Re-submission | M9: Other
E10: Engineering change
B14: TNT FLEX
B23: OK | D23: OK | I23: OK | M23: OK
C26: STEELS
C28: OK | G28: OK | L28: OK
B31: MIRROR BRACKET | D31: CAMARA BRACKET | I31: CABLE OUTPUT (PINS) | M31: CONNECTORS
B40: OK | D40: OK | I40: OK | M40: OK
B42: ELENA BEJARANO | M42: LINA TOVAR
B43: AUTHORIZED BY | F43: REVIEWED BY | M43: CONTROL CHECK
B46: 751-28-03A-15-F01 V.4 | N46: Pag 5 of 10

Sheet BN
C2: BLACK BAND MEASUREMET | M2: QUALITY CONTROL
B4: PART NUMBER AGP: | L4: DATE:
B5: PART: | C5: =DATOS!E9 -> 0
B6: CUSTOMER: | C6: BENTELER lightweight Protection GmbH
B7: REASON FOR SUBMISSION | E7: Report Evaluation of Quality | M7: Part Submission warrant
E8: First Production Shipment | M8: Special Sample
E9: Re-submission | M9: Other
E10: Engineering change
C12: BLACK BAND EXTERNAL
C30: BLACK BAND INTERNAL
B48: ELENA BEJARANO | M48: LINA TOVAR
B49: AUTHORIZED BY | F49: REVIEWED BY | M49: CONTROL CHECK
B52: 751-28-03A-15-F01 V.4 | N52: Pag 6 of 10

Sheet SERIGRAFIA
C2: SERIGRAPHY | M2: QUALITY CONTROL
B4: PART NUMBER AGP: | L4: DATE:
B5: PART: | C5: WINDSHIELD / FRONTSHEIBE
B6: CUSTOMER: | C6: BENTELER lightweight Protection GmbH
B7: REASON FOR SUBMISSION | E7: Report Evaluation of Quality | M7: Part Submission warrant
E8: First Production Shipment | M8: Special Sample
E9: Re-submission | M9: Other
E10: Engineering change
B12: Image 1 | K12: Image 2
B30: Image 3 | K30: Image 4
B48: ELENA BEJARANO | M48: LINA TOVAR
B49: AUTHORIZED BY | F49: REVIEWED BY | M49: CONTROL CHECK
B52: 751-28-03A-15-F01 V.4 | N52: Pag 7 of 10

Sheet TNT
C2: TNT FLEX MEASUREMET | J2: QUALITY CONTROL
B4: PART NUMBER AGP: | C4: =DATOS!AE7 -> 0 | I4: DATE: | J4: 15/11/2023
B5: PART: | C5: =DATOS!E9 -> 0
B6: CUSTOMER: | C6: BENTELER lightweight Protection GmbH
B7: REASON FOR SUBMISSION | D7: Report Evaluation of Quality | J7: Part Submission warrant
D8: First Production Shipment | J8: Special Sample
D9: Re-submission | J9: Other
D10: Engineering change
E34: 1 | G34: 2
E35: MIN | F35: MAX | G35: MIN | H35: MAX
D36: Tolerance | E36: 144.4 | F36: 148.4 | G36: 55.4 | H36: 59.4
D37: A | E37: 146.8 | G37: 56.8
D38: B | E38: N/A | G38: 56.9
D39: C | E39: 147.5 | G39: 57.8
D40: D | E40: N/A | G40: 58.3
B47: ELENA BEJARANO | J47: LINA TOVAR
B48: AUTHORIZED BY | E48: REVIEWED BY | J48: CONTROL CHECK
B51: 751-28-03A-15-F01 V.4 | K51: Pag 8 of 10

Sheet PC
C2: IMAGE PC | L2: QUALITY CONTROL
B4: PART NUMBER AGP: | K4: DATE:
B5: PART: | C5: =DATOS!E9 -> 0
B6: CUSTOMER: | C6: BENTELER lightweight Protection GmbH
B7: REASON FOR SUBMISSION | E7: Report Evaluation of Quality | L7: Part Submission warrant
E8: First Production Shipment | L8: Special Sample
E9: Re-submission | L9: Other
E10: Engineering change
C12: IMAGE 1
C30: IMAGE 2
B48: ELENA BEJARANO | L48: LINA TOVAR
B49: AUTHORIZED BY | F49: REVIEWED BY | L49: CONTROL CHECK
B52: 751-28-03A-15-F01 V.4 | M52: Pag 9 of 10

Sheet TORKER
C2: TORKER´S TEST | L2: QUALITY CONTROL
B4: PART NUMBER AGP: | C4: =DATOS!AE7 -> 0 | K4: DATE:
B5: PART: | C5: =DATOS!E9 -> 0
B6: CUSTOMER: | C6: BENTELER lightweight Protection GmbH
B7: REASON FOR SUBMISSION | E7: Report Evaluation of Quality | L7: Part Submission warrant
E8: First Production Shipment | L8: Special Sample
E9: Re-submission | L9: Other
E10: Engineering change
C12: TORKER TEST 1
C26: TORKER TEST 2
B40: TORKER TEST 1: | D40: N | J40: TORKER TEST 2: | M40: N
B41: CONCLUSION: This part fullfill with requirements.
B43: ELENA BEJARANO | L43: LINA TOVAR
B44: AUTHORIZED BY | F44: REVIEWED BY | L44: CONTROL CHECK
B47: 751-28-03A-15-F01 V.4 | M47: Pag 11 of 11

Sheet STICKER ADUANA
C2: CUSTOMS STICKER | L2: QUALITY CONTROL
B4: PART NUMBER AGP: | K4: DATE:
B5: PART: | C5: =DATOS!E9 -> 0
B6: CUSTOMER: | C6: BENTELER lightweight Protection GmbH
B7: REASON FOR SUBMISSION | E7: Report Evaluation of Quality | L7: Part Submission warrant
E8: First Production Shipment | L8: Special Sample
E9: Re-submission | L9: Other
E10: Engineering change | P10: G
C12: IMAGE 1
B32: ELENA BEJARANO | L32: LINA TOVAR
B33: AUTHORIZED BY | F33: REVIEWED BY | L33: CONTROL CHECK
B36: 751-28-03A-15-F01 V.4 | M36: Pag 10 of 10

Sheet Lista Defeitos
A1: DEFECTOS CERTIFICADOS EN INGLES
A2: Codigo | B2: Espanol / Portugues | C2: Ingles
A3: 0 | B3: - | C3: -
A4: 1 | B4: Impureza | C4: Impurity
A5: 2 | B5: Burbuja | C5: Bubble
A6: 3 | B6: Inclusión | C6: Inclusion
A7: 4 | B7: Porosidad | C7: Porosity
A8: 5 | B8: Punto de Color | C8: Color dot
A9: 6 | B9: Raya sensible a uña | C9: Perceptible Scratch
A10: 7 | B10: Raya no sensible a la uña | C10: Unperceptible Scratch
A11: 8 | B11: Raya Interna | C11: Intern Scratch
A12: 9 | B12: Escalla | C12: Conchoidal Defect
A13: 10 | B13: Cabello | C13: Interna Hair
A14: 11 | B14: Pestaña | C14: Internal Eyelash
... A56: 53 | B56: Desplazamiento entre BN interna y externa | C56: Displacement between internal and external black band
A57: 54 | B57: Borde BN no uniforme
A58: 55 | B58: Liberado conforme norma | C58: Following Standard
A59: 56 | B59: No afecta la dirigibilidad | C59: No problem to the driver
A60: 57 | B60: Contaminación | C60: Contamination
A61: 58 | B61: Raya en PC | C61: Scratch in PC
A62: 59 | B62: Marcaciones en PC | C62: Bearing in PC
A63: 60 | B63: Raya | C63: Scratch
A64: 61 | B64: Mancha en BN | C64: Stain in Black band
A65: 62 | B65: defecto en banda negra | C65: Defect in Black band
A66: 63 | B66: Mancha por Glassjet | C66: Stain Glassjet
A67: 64 | B67: Puntos brillantes | C67: Brilliant points
A68: 65 | B68: Mancha de PBV tejido | C68: Stain in PBV
A69: 66 | B69: Nube de puntos en PBV | C69: Cloud of point in PBV
... A121: 118 | B121: Mancha en banda negra interna | C121: Internal stain in black band

Sheet VARIABLES
A1: INDICE | B1: 2
A2: PUNTOS | B2: =COUNTA(DATOS!A:A) -> 0

Sheet POSICIONES
A1: SIN
A2: ARRIBA
A3: ABAJO
A4: IZQUIERDA
A5: DERECHA
A6: LIBRE
A7: -0.1

Sheet parametros
A1: ancho rectangulo | B1: 15 | C1: CLIENTE | D1: MBZ
A2: ancho circulo | B2: 4 | C2: MODELO | D2: W166
A3: FACTOR ESCALA RECTANGULO | B3: 8 | C3: NUMERO DE PARTE | D3: W166
A4: POSICION ESCALA IZQUIERDA | B4: 65 | C4: DESCRIPCION | D4: FRONT DOOR RIGHT
A5: POSICION ESCALA DERECHA | B5: 640 | C5: OPERADOR | D5: Epifanio Pereira
A6: POSICION ESCALA SUPERIOR | B6: 40 | C6: TITULO | D6: OFFSET
A7: POSICION ESCALA INFERIOR | B7: 450 | C7: OP | D7: BB12G
A8: DIRECTORIO REPORTES | B8: T:\Qualidade\Projetos\Projeto W212\Relatórios de Inspeção final - APROVADAS\Blindado\W166 | C8: FECHA | D8: 00/00/2012
C9: UNIDADES | D9: mm
B10: 1
