Workbook
Name G: #REF!
Name H: #REF!
Name HOLA: POSICIONES!$C$10

Sheet DATOS
AF2: PRODUCT CERTIFICATION
AF3: QUALITY CONTROL DEPARTMENT
AF4: CERTIFICATE OF CONFORMANCE
B7: CLIENT: | U7: PRODUCTION LOT: | AO7: COLOR:
B8: VEHICLE: | U8: COMPOSITION: | AO8: PART NUMBER:
B9: PART: | U9: OUTER GLASS FINISH: | AE9: ACCORDING TO DRAWING | AO9: PACKAGE EDGE TYPE:
B44: VIEW FROM THE INSIDE
B46: SUPERFICIAL AND INTERNAL APPEARANCE VISUAL DEFECTS CHART
B48: ITEM | E48: ZONE | H48: CODE OF DEFEC | K48: DESCRIPTION | AK48: SIZE | AP48: QUANTITY OF DEFECTS | AR48: ACCORDING TO QV0008 2.3.2
B49: 1
B50: 2
B51: 3
B52: 4
B53: 5
B54: 6
B55: 7
B56: 8 | K56: =VLOOKUP(H56,'Lista Defeitos'!$1:$1048576,3) -> -
B57: 9 | K57: =VLOOKUP(H57,'Lista Defeitos'!$1:$1048576,3) -> -
B58: 10 | K58: =VLOOKUP(H58,'Lista Defeitos'!$1:$1048576,3) -> -
B59: 11 | K59: =VLOOKUP(H59,'Lista Defeitos'!$1:$1048576,3) -> -
B60: 12 | K60: =VLOOKUP(H60,'Lista Defeitos'!$1:$1048576,3) -> -
K62: OK | V62: Not OK | AL62: OK | AS62: Not OK
B63: TERMINALS INSULATION | AE63: LOGO (INTERNAL BLACK)
B64: TERMINALS | AE64: BRILLIANT ROUNDED
B65: FINISHING | AE65: REFLECTION
B66: MIRROR BRACKET | AE66: BLACK BAND INTERNAL
B67: THICKNESS (31,1 - 34,1) mm | AE67: BLACK BAND EXTERNAL
B68: SERIGRAPHY
B70: COMMENTS | AO70: CONVENTIONS
AO72: B = WIDTH (mm)
AO73: L = LENGTH (mm)
AO74: D = DIAMETER (mm)
AO75: A = DISTANCE (mm)
B76: ANNEXES | AO76: IT = INSIDE TOLERANCE
B77: See attached the geometric report | AO77: OT = OUT OF TOLERANCE
AO78: Z = ZONE
AO79: N/A = NOT APPLICABLE
C84: ELENA BEJARANO | N84: Hernan Rodriguez | Y84: LINA TOVAR
C85: AUTHORIZED BY | N85: REVIEWED BY | Y85: CONTROL CHECK | AO85: DATE: | AS85: 4 | AT85: 2 | AU85: 2021
B88: 751-28-03A-15-F01 V.4 | AV88: Pag 1 of 9

Sheet TERMOGRAFIA
C2: REPORT THERMOGRAPHY | M2: QUALITY CONTROL
B4: PART NUMBER AGP: | C4: =DATOS!AE7 -> 0 | L4: DATE: | M4: 4/2/2021
B5: PART: | C5: FRONT DOOR LEFT /SEITENSCHEIBE LI
B6: CUSTOMER: | C6: BENTELER lightweight Protection GmbH
B7: REASON FOR SUBMISSION | E7: Report Evaluation of Quality | M7: Part Submission warrant
E8: First Production Shipment | M8: Special Sample
E9: Re-submission | M9: Other
E10: Engineering change
B11: HEATING ZONE
E12: SOURCE POWER [V] | H12: CURRENT [A] | L12: POWER [W] | M12: RESISTANCE [Ohm]
N13: MIN | O13: MAX
M14: FRONT SIDE | N14: 2.0485 | O14: 2.7715
B15: RESISTANCE RIGHT (HFS 4) | G15: 12.1 | H15: =G15/M15 -> 5.2155172 | L15: =G15^2/M15 -> 63.107759 | M15: 2.32
B16: Thermograph
B29: ELECTRIC TERMINALS
B32: OK
B37: ELENA BEJARANO | F37: Hernan Rodriguez | M37: LINA TOVAR
B38: AUTHORIZED BY | F38: REVIEWED BY | M38: CONTROL CHECK
B41: 751-28-03A-15-F01 V.4 | N41: Pag 2 of 9

Sheet DISTORSION
D2: REFRACTIVE POWER According to QV0008 - 2.2.3. | H2: QUALITY CONTROL
B6: PART NUMBER AGP: | D6: =DATOS!AE7 -> 0 | G6: DATE: | H6: =TERMOGRAFIA!M4 -> 4/2/2021
B7: PROJECT: | D7: BMW G05 X5 4D U 2020 | G7: CUSTOMER: | H7: BENTELER
B8: REASON FOR SUBMISSION:
D10: Report Evaluation of Quality | G10: Part Submission warrant
D11: First Production Shipment | G11: Special Sample
D12: Re-submission | G12: Other
D13: Engineering change
B14: QUALITY TEST | E14: Refractive Power | G14: STANDARD | H14: DIN 52305
B16: DESCRIPTION OF TEST
B17: Determination of Refractive Power is according to AZDIN 52305 for Zones 1 and 2.
B20: CONDITIONS
D21: HR: 60% | E21: T (ºC): 23°C
B23: EVALUATION
E24: ZONE A | G24: ZONE B
E25: MEASUREMENT 1 | G25: MEASUREMENT 2
D26: Max | E26: 11.55 | G26: 11.32
D27: Min | E27: 10.5 | G27: 10.3
D28: Db | E28: =E26-E27 -> 1.05 | F28: =F26-F27 -> 0 | G28: =G26-G27 -> 1.02 | H28: =H26-H27 -> 0
D29: L1 | E29: 3.32 | F29: 3.32 | G29: 3.32 | H29: 3.32
D30: L2 | E30: 5.3 | F30: 5.3 | G30: 5.3 | H30: 5.3
D31: b | E31: 12 | F31: 12 | G31: 12 | H31: 12
D32: n | E32: 1.5 | F32: 1.5 | G32: 1.5 | H32: 1.5
D33: e | E33: 58 | F33: 58 | G33: 58 | H33: 58
D34: rad | E34: =RADIANS(E33) -> 1.012291 | F34: =RADIANS(F33) -> 1.012291 | G34: =RADIANS(G33) -> 1.012291 | H34: =RADIANS(H33) -> 1.012291
D35: f(e) | E35: =(E32^2-(SIN(E34))^2)^0.5/(COS(E34))-1 -> 1.3348101 | F35: =(F32^2-(SIN(F34))^2)^0.5/(COS(F34))-1 -> 1.3348101 | G35: =(G32^2-(SIN(G34))^2)^0.5/(COS(G34))-1 -> 1.3348101 | H35: =(H32^2-(SIN(H34))^2)^0.5/(COS(H34))-1 -> 1.3348101
D36: Do | E36: =(E28*(E29+E30)*(E32-1)*COS(E34))/(E31*E29*E30*E35) -> 0.0085086682 | F36: =(F28*(F29+F30)*(F32-1)*COS(F34))/(F31*F29*F30*F35) -> 0 | G36: =(G28*(G29+G30)*(G32-1)*COS(G34))/(G31*G29*G30*G35) -> 0.0082655634 | H36: =(H28*(H29+H30)*(H32-1)*COS(H34))/(H31*H29*H30*H35) -> 0
C37: RESULT | D37: mdop | E37: =E36*10000 -> 85.086682 | F37: =F36*10000 -> 0 | G37: =G36*10000 -> 82.655634 | H37: =H36*10000 -> 0
C38: REQUERIMENT | D38: mdop | E38: < 85 | F38: < 85 | G38: < 150 | H38: < 150
B41: DISTORTION IMAGE AT 0° | G41: DISTORTION IMAGE AT 45°
B56: REFLECTION 1 | G56: REFLECTION 2
B69: Requirement: Without interruption of grid lines | G69: Requirement: Without interruption of grid lines
B72: CONCLUSION
B73: Reflective defect on the outer glass surface in lower right corner (Reflection 1), the lines of the grid intersect each other in the mentioned zone.
B76: ELENA BEJARANO | E76: Hernan Rodriguez | H76: LINA TOVAR
B77: AUTHORIZED BY | E77: REVIEWED BY | H77: CONTROL CHECK
B80: 751-28-03A-15-F01 V.4 | H80: Pag 3 of 9

Sheet DOBLE IMAGEN
C2: SECONDARY IMAGE SEPARATION | G2: QUALITY CONTROL
B6: PART NUMBER AGP: | C6: =DATOS!AE7 -> 0 | F6: DATE: | G6: =TERMOGRAFIA!M4 -> 4/2/2021
B7: PROJECT: | C7: BMW G05 X5 4D U 2020 | F7: CUSTOMER: | G7: BENTELER lightweight
B8: REASON FOR SUBMISSION | D8: Report Evaluation of Quality | G8: Part Submission warrant
D9: First Production Shipment | G9: Special Sample
D10: Re-submission | G10: Other
D11: Engineering change
B12: QUALITY TEST | C12: Secondary Image Separation | F12: STANDARD | G12: ISO 3538
B14: DESCRIPTION OF TEST
B20: RESULTS
B21: CONDITIONS
B22: HR: | C22: 0.6
B23: T (ºC): | C23: 23°C
D25: REQUIREMENT: < 20 arcmin
D27: DOUBLE IMAGE
B41: CONCLUSION: This part fullfill with requirements.
B46: ELENA BEJARANO | D46: Hernan Rodriguez | G46: LINA TOVAR
B47: AUTHORIZED BY | D47: REVIEWED BY | G47: CONTROL CHECK
B50: 751-28-03A-15-F01 V.4 | G50: Pag 4 of 9

Sheet ACCESORIOS
C2: ACCESSORIES | M2: QUALITY CONTROL
B4: PART NUMBER AGP: | C4: =DATOS!AE7 -> 0 | L4: DATE: | M4: =TERMOGRAFIA!M4 -> 4/2/2021
B5: PART: | C5: FRONT DOOR LEFT /SEITENSCHEIBE LI
B6: CUSTOMER: | C6: BENTELER lightweight Protection GmbH
B7: REASON FOR SUBMISSION | E7: Report Evaluation of Quality | M7: Part Submission warrant
E8: First Production Shipment | M8: Special Sample
E9: Re-submission | M9: Other
E10: Engineering change
E12: STEELS 1
E27: STEELS 2
E42: STEELS 3
B58: ELENA BEJARANO | F58: Hernan Rodriguez | M58: LINA TOVAR
B59: AUTHORIZED BY | F59: REVIEWED BY | M59: CONTROL CHECK
B62: 751-28-03A-15-F01 V.4 | N62: Pag 5 of 9

Sheet BN
C2: BLACK BAND MEASUREMET | M2: QUALITY CONTROL
B4: PART NUMBER AGP: | C4: =DATOS!AE7 -> 0 | L4: DATE: | M4: =TERMOGRAFIA!M4 -> 4/2/2021
B5: PART: | C5: FRONT DOOR LEFT
B6: CUSTOMER: | C6: BENTELER lightweight Protection GmbH
B7: REASON FOR SUBMISSION | E7: Report Evaluation of Quality | M7: Part Submission warrant
E8: First Production Shipment | M8: Special Sample
E9: Re-submission | M9: Other
E10: Engineering change
C12: BLACK BAND EXTERNAL
C30: BLACK BAND INTERNAL
B48: ELENA BEJARANO | F48: Hernan Rodriguez | M48: LINA TOVAR
B49: AUTHORIZED BY | F49: REVIEWED BY | M49: CONTROL CHECK
B52: 751-28-03A-15-F01 V.4 | N52: Pag 6 of 9

Sheet SERIGRAPHY
C2: SERIGRAPHY | M2: QUALITY CONTROL
B4: PART NUMBER AGP: | C4: =DATOS!AE7 -> 0 | L4: DATE: | M4: =TERMOGRAFIA!M4 -> 4/2/2021
B5: PART: | C5: FRONT DOOR LEFT
B6: CUSTOMER: | C6: BENTELER lightweight Protection GmbH
B7: REASON FOR SUBMISSION | E7: Report Evaluation of Quality | M7: Part Submission warrant
E8: First Production Shipment | M8: Special Sample
E9: Re-submission | M9: Other
E10: Engineering change
B12: Image 1 | K12: Image 2
B30: Image 3 | K30: Image 4
B48: ELENA BEJARANO | F48: Hernan Rodriguez | M48: LINA TOVAR
B49: AUTHORIZED BY | F49: REVIEWED BY | M49: CONTROL CHECK
B52: 751-28-03A-15-F01 V.4 | N52: Pag 7 of 9

Sheet PC
C2: IMAGE PC | L2: QUALITY CONTROL
B4: PART NUMBER AGP: | C4: =DATOS!AE7 -> 0 | L4: DATE: | M4: =TERMOGRAFIA!M4 -> 4/2/2021
B5: PART: | C5: FRONT DOOR LEFT
B6: CUSTOMER: | C6: BENTELER lightweight Protection GmbH
B7: REASON FOR SUBMISSION | E7: Report Evaluation of Quality | L7: Part Submission warrant
E8: First Production Shipment | L8: Special Sample
E9: Re-submission | L9: Other
E10: Engineering change
C12: IMAGE 1
C30: IMAGE 2
B48: ELENA BEJARANO | F48: Hernan Rodriguez | L48: LINA TOVAR
B49: AUTHORIZED BY | F49: REVIEWED BY | L49: CONTROL CHECK
B52: 751-28-03A-15-F01 V.4 | M52: Pag 8 of 9

Sheet STICKER ADUANA
C2: CUSTOMS STICKER | L2: QUALITY CONTROL
B4: PART NUMBER AGP: | C4: =DATOS!AE7 -> 0 | L4: DATE: | M4: =TERMOGRAFIA!M4 -> 4/2/2021
B5: PART: | C5: FRONT DOOR LEFT
B6: CUSTOMER: | C6: BENTELER lightweight Protection GmbH
B7: REASON FOR SUBMISSION | E7: Report Evaluation of Quality | L7: Part Submission warrant
E8: First Production Shipment | L8: Special Sample
E9: Re-submission | L9: Other
E10: Engineering change
C12: IMAGE 1
B31: ELENA BEJARANO | F31: Hernan Rodriguez | L31: LINA TOVAR
B32: AUTHORIZED BY | F32: REVIEWED BY | L32: CONTROL CHECK
B35: 751-28-03A-15-F01 V.4 | M35: Pag 9 of 9

Sheet Lista Defeitos
A1: DEFECTOS CERTIFICADOS EN INGLES
A2: Codigo | B2: Espanol / Portugues | C2: Ingles
A3: 0 | B3: - | C3: -
A4: 1 | B4: Impureza | C4: Impurity
A5: 2 | B5: Burbuja | C5: Bubble
A6: 3 | B6: Inclusión | C6: Inclusion
A7: 4 | B7: Porosidad | C7: Porosity
A8: 5 | B8: Punto de Color | C8: Color dot
A9: 6 | B9: Raya sensible a uña | C9: Perceptible Scratch
A10: 7 | B10: Raya no sensible a la uña | C10: Unperceptible Scratch
A11: 8 | B11: Raya Interna | C11: Intern Scratch
A12: 9 | B12: Escalla | C12: Conchoidal Defect
A13: 10 | B13: Cabello | C13: Interna Hair
A14: 11 | B14: Pestaña | C14: Internal Eyelash
... A56: 53 | B56: Desplazamiento entre BN interna y externa | C56: Displacement between internal and external black band
A57: 54 | B57: Borde BN no uniforme
A58: 55 | B58: Liberado conforme norma | C58: Following Standard
A59: 56 | B59: No afecta la dirigibilidad | C59: No problem to the driver
A60: 57 | B60: Contaminación | C60: Contamination
A61: 58 | B61: Raya en PC | C61: Scratch in PC
A62: 59 | B62: Marcaciones en PC | C62: Bearing in PC
A63: 60 | B63: Raya | C63: Scratch
A64: 61 | B64: Mancha en BN | C64: Stain in Black band
A65: 62 | B65: defecto en banda negra | C65: Defect in Black band
A66: 63 | B66: Mancha por Glassjet | C66: Stain Glassjet
A67: 64 | B67: Puntos brillantes | C67: Brilliant points
A68: 65 | B68: Mancha de PBV tejido | C68: Stain in PBV
A69: 66 | B69: Nube de puntos en PBV | C69: Cloud of point in PBV
... A121: 118 | B121: Mancha en banda negra interna | C121: Internal stain in black band

Sheet VARIABLES
A1: INDICE | B1: 2
A2: PUNTOS | B2: =COUNTA(#REF!) -> 1

Sheet POSICIONES
A1: SIN
A2: ARRIBA
A3: ABAJO
A4: IZQUIERDA
A5: DERECHA
A6: LIBRE
A7: -0.1

Sheet parametros
A1: ancho rectangulo | B1: 15 | C1: CLIENTE | D1: MBZ
A2: ancho circulo | B2: 4 | C2: MODELO | D2: W166
A3: FACTOR ESCALA RECTANGULO | B3: 8 | C3: NUMERO DE PARTE | D3: W166
A4: POSICION ESCALA IZQUIERDA | B4: 65 | C4: DESCRIPCION | D4: FRONT DOOR RIGHT
A5: POSICION ESCALA DERECHA | B5: 640 | C5: OPERADOR | D5: Epifanio Pereira
A6: POSICION ESCALA SUPERIOR | B6: 40 | C6: TITULO | D6: OFFSET
A7: POSICION ESCALA INFERIOR | B7: 450 | C7: OP | D7: BB12G
A8: DIRECTORIO REPORTES | B8: T:\Qualidade\Projetos\Projeto W212\Relatórios de Inspeção final - APROVADAS\Blindado\W166 | C8: FECHA | D8: 00/00/2012
C9: UNIDADES | D9: mm
B10: 1

Sheet BN EDITABLE
