Workbook
Name G: #REF!
Name H: #REF!
Name HOLA: POSICIONES!$C$10

Sheet DATOS
AF2: PRODUCT CERTIFICATION
AF3: QUALITY CONTROL DEPARTMENT
AF4: CERTIFICATE OF CONFORMANCE
B7: CLIENT: | U7: PRODUCTION LOT: | AO7: COLOR:
B8: VEHICLE: | U8: COMPOSITION: | AO8: PART NUMBER:
B9: PART: | U9: OUTER GLASS FINISH: | AE9: ACCORDING TO DRAWING | AO9: PACKAGE EDGE TYPE:
B44: VIEW FROM THE INSIDE
B46: SUPERFICIAL AND INTERNAL APPEARANCE VISUAL DEFECTS CHART
B48: ITEM | E48: ZONE | H48: CODE OF DEFEC | K48: DESCRIPTION | AK48: SIZE | AP48: QUANTITY OF DEFECTS | AR48: ACCORDING TO QV0008 2.3.2
B49: 1 | K49: =VLOOKUP(H49,'Lista Defeitos'!$1:$1048576,3) -> -
B50: 2 | K50: =VLOOKUP(H50,'Lista Defeitos'!$1:$1048576,3) -> -
B51: 3 | K51: =VLOOKUP(H51,'Lista Defeitos'!$1:$1048576,3) -> -
B52: 4 | K52: =VLOOKUP(H52,'Lista Defeitos'!$1:$1048576,3) -> -
B53: 5 | K53: =VLOOKUP(H53,'Lista Defeitos'!$1:$1048576,3) -> -
B54: 6 | K54: =VLOOKUP(H54,'Lista Defeitos'!$1:$1048576,3) -> -
B55: 7 | K55: =VLOOKUP(H55,'Lista Defeitos'!$1:$1048576,3) -> -
B56: 8 | K56: =VLOOKUP(H56,'Lista Defeitos'!$1:$1048576,3) -> -
B57: 9 | K57: =VLOOKUP(H57,'Lista Defeitos'!$1:$1048576,3) -> -
B58: 10 | K58: =VLOOKUP(H58,'Lista Defeitos'!$1:$1048576,3) -> -
B59: 11 | K59: =VLOOKUP(H59,'Lista Defeitos'!$1:$1048576,3) -> -
B60: 12 | K60: =VLOOKUP(H60,'Lista Defeitos'!$1:$1048576,3) -> -
K62: OK | V62: Not OK | AL62: OK | AS62: Not OK
B63: TERMINALS INSULATION | K63: N/A | AE63: LOGO (INTERNAL BLACK)
B64: TERMINALS | K64: N/A | AE64: BRILLIANT ROUNDED
B65: FINISHING | AE65: REFLECTION
B66: MIRROR BRACKET | K66: N/A | AE66: BLACK BAND INTERNAL
B67: THICKNESS (31.0 - 34,3) mm | AE67: BLACK BAND EXTERNAL
B68: SERIGRAPHY | AE68: DIVIDING BLACK MASKING VERTICAL FRINGES ALIGNED
B70: COMMENTS | AR70: CONVENTIONS:
AO72: B = WIDTH (mm)
AO73: L = LENGTH (mm)
AO74: D = DIAMETER (mm)
AO75: A = DISTANCE (mm)
B76: ANNEXES | AO76: IT = INSIDE TOLERANCE
B77: See attached the geometric report | AO77: OT = OUT OF TOLERANCE
AO78: Z = ZONE
AO79: N/A = NOT APPLICABLE
C83: ELENA BEJARANO | Y83: LINA TOVAR
C84: AUTHORIZED BY | N84: REVIEWED BY | Y84: CONTROL CHECK | AO84: DATE:
B86: 751-28-03A-15-F01 V.5 | AV86: Pag 1 of 7

Sheet REFLEXION
D2: REFRACTIVE POWER According to QV0008 - 2.2.3. | H2: QUALITY CONTROL
B6: PART NUMBER AGP: | D6: =DATOS!AE7 -> 0 | G6: DATE: | H6: 02/02/2020
B7: PROJECT: | D7: BMW G05 X5 4D U 2020 | G7: CUSTOMER: | H7: BENTELER
B8: REASON FOR SUBMISSION:
D10: Report Evaluation of Quality | G10: Part Submission warrant
D11: First Production Shipment | G11: Special Sample
D12: Re-submission | G12: Other
D13: Engineering change
B14: QUALITY TEST | E14: Refractive Power | G14: STANDARD | H14: DIN 52305
B16: DESCRIPTION OF TEST
B17: Determination of Refractive Power is according to AZDIN 52305 for Zones 1 and 2.
B20: CONDITIONS
D21: HR: 60% | E21: T (ºC): 23°C
B23: EVALUATION
D26: REFLECTION 1
D39: Requirement: Without interruption of grid lines
D42: REFLECTION 2
D55: Requirement: Without interruption of grid lines
B58: CONCLUSION
B59: The part fullfil the reflection test requirement.
B62: ELENA BEJARANO | H62: LINA TOVAR
B63: AUTHORIZED BY | E63: REVIEWED BY | H63: CONTROL CHECK
B66: 751-28-03A-15-F01 V.5 | H66: Pag 2 of 7

Sheet ACCESORIOS
C2: ACCESSORIES | M2: QUALITY CONTROL
B4: PART NUMBER AGP: | C4: =DATOS!AE7 -> 0 | L4: DATE: | M4: =REFLEXION!H6 -> 02/02/2020
B5: PART: | C5: =DATOS!E9 -> 0
B6: CUSTOMER: | C6: BENTELER lightweight Protection GmbH
B7: REASON FOR SUBMISSION | E7: Report Evaluation of Quality | M7: Part Submission warrant
E8: First Production Shipment | M8: Special Sample
E9: Re-submission | M9: Other
E10: Engineering change
E12: STEELS 1
E30: STEELS 2
B48: ELENA BEJARANO | M48: LINA TOVAR
B49: AUTHORIZED BY | F49: REVIEWED BY | M49: CONTROL CHECK
B52: 751-28-03A-15-F01 V.5 | N52: Pag 3 of 7

Sheet BN
C2: BLACK BAND MEASUREMET | M2: QUALITY CONTROL
B4: PART NUMBER AGP: | C4: =ACCESORIOS!C4 -> 0 | L4: DATE: | M4: =REFLEXION!H6 -> 02/02/2020
B5: PART: | C5: =DATOS!E9 -> 0
B6: CUSTOMER: | C6: BENTELER lightweight Protection GmbH
B7: REASON FOR SUBMISSION | E7: Report Evaluation of Quality | M7: Part Submission warrant
E8: First Production Shipment | M8: Special Sample
E9: Re-submission | M9: Other
E10: Engineering change
C12: BLACK BAND EXTERNAL
C30: BLACK BAND INTERNAL
B48: ELENA BEJARANO | M48: LINA TOVAR
B49: AUTHORIZED BY | F49: REVIEWED BY | M49: CONTROL CHECK
B52: 751-28-03A-15-F01 V.5 | N52: Pag 4 of 7

Sheet SERIGRAFIA
C2: SERIGRAPHY | M2: QUALITY CONTROL
B4: PART NUMBER AGP: | C4: =BN!C4 -> 0 | L4: DATE: | M4: =REFLEXION!H6 -> 02/02/2020
B5: PART: | C5: =DATOS!E9 -> 0
B6: CUSTOMER: | C6: BENTELER lightweight Protection GmbH
B7: REASON FOR SUBMISSION | E7: Report Evaluation of Quality | M7: Part Submission warrant
E8: First Production Shipment | M8: Special Sample
E9: Re-submission | M9: Other
E10: Engineering change
B12: Image 1 | K12: Image 2
B30: Image 3 | K30: Image 4
B48: ELENA BEJARANO | M48: LINA TOVAR
B49: AUTHORIZED BY | F49: REVIEWED BY | M49: CONTROL CHECK
B52: 751-28-03A-15-F01 V.5 | N52: Pag 5 of 7

Sheet PC
C2: IMAGE PC | L2: QUALITY CONTROL | M2: QUALITY CONTROL
B4: PART NUMBER AGP: | C4: =SERIGRAFIA!C4 -> 0 | L4: DATE: | M4: =REFLEXION!H6 -> 02/02/2020
B5: PART: | C5: =DATOS!E9 -> 0
B6: CUSTOMER: | C6: BENTELER lightweight Protection GmbH
B7: REASON FOR SUBMISSION | E7: Report Evaluation of Quality | L7: Part Submission warrant
E8: First Production Shipment | L8: Special Sample
E9: Re-submission | L9: Other
E10: Engineering change
C12: IMAGE 1
C30: IMAGE 2
B48: ELENA BEJARANO | L48: LINA TOVAR
B49: AUTHORIZED BY | F49: REVIEWED BY | L49: CONTROL CHECK
B52: 751-28-03A-15-F01 V.5 | M52: Pag 6 of 7

Sheet STICKER ADUANA
C2: CUSTOMS STICKER | L2: QUALITY CONTROL | M2: QUALITY CONTROL
B4: PART NUMBER AGP: | C4: =PC!C4 -> 0 | L4: DATE: | M4: =REFLEXION!H6 -> 02/02/2020
B5: PART: | C5: =DATOS!E9 -> 0
B6: CUSTOMER: | C6: BENTELER lightweight Protection GmbH
B7: REASON FOR SUBMISSION | E7: Report Evaluation of Quality | L7: Part Submission warrant
E8: First Production Shipment | L8: Special Sample
E9: Re-submission | L9: Other
E10: Engineering change
C12: IMAGE 1
B31: ELENA BEJARANO | L31: LINA TOVAR
B32: AUTHORIZED BY | F32: REVIEWED BY | L32: CONTROL CHECK
B35: 751-28-03A-15-F01 V.5 | M35: Pag 7 of 7

Sheet Lista Defeitos
A1: DEFECTOS CERTIFICADOS EN INGLES
A2: Codigo | B2: Espanol / Portugues | C2: Ingles
A3: 0 | B3: - | C3: -
A4: 1 | B4: Impureza | C4: Impurity
A5: 2 | B5: Burbuja | C5: Bubble
A6: 3 | B6: Inclusión | C6: Inclusion
A7: 4 | B7: Porosidad | C7: Porosity
A8: 5 | B8: Punto de Color | C8: Color dot
A9: 6 | B9: Raya sensible a uña | C9: Perceptible Scratch
A10: 7 | B10: Raya no sensible a la uña | C10: Unperceptible Scratch
A11: 8 | B11: Raya Interna | C11: Intern Scratch
A12: 9 | B12: Escalla | C12: Conchoidal Defect
A13: 10 | B13: Cabello | C13: Interna Hair
A14: 11 | B14: Pestaña | C14: Internal Eyelash
... A56: 53 | B56: Desplazamiento entre BN interna y externa | C56: Displacement between internal and external black band
A57: 54 | B57: Borde BN no uniforme
A58: 55 | B58: Liberado conforme norma | C58: Following Standard
A59: 56 | B59: No afecta la dirigibilidad | C59: No problem to the driver
A60: 57 | B60: Contaminación | C60: Contamination
A61: 58 | B61: Raya en PC | C61: Scratch in PC
A62: 59 | B62: Marcaciones en PC | C62: Bearing in PC
A63: 60 | B63: Raya | C63: Scratch
A64: 61 | B64: Mancha en BN | C64: Stain in Black band
A65: 62 | B65: defecto en banda negra | C65: Defect in Black band
A66: 63 | B66: Mancha por Glassjet | C66: Stain Glassjet
A67: 64 | B67: Puntos brillantes | C67: Brilliant points
A68: 65 | B68: Mancha de PBV tejido | C68: Stain in PBV
A69: 66 | B69: Nube de puntos en PBV | C69: Cloud of point in PBV
... A121: 118 | B121: Mancha en banda negra interna | C121: Internal stain in black band

Sheet VARIABLES
A1: INDICE | B1: 2
A2: PUNTOS | B2: =COUNTA(#REF!) -> 1

Sheet POSICIONES
A1: SIN
A2: ARRIBA
A3: ABAJO
A4: IZQUIERDA
A5: DERECHA
A6: LIBRE
A7: -0.1

Sheet parametros
A1: ancho rectangulo | B1: 15 | C1: CLIENTE | D1: MBZ
A2: ancho circulo | B2: 4 | C2: MODELO | D2: W166
A3: FACTOR ESCALA RECTANGULO | B3: 8 | C3: NUMERO DE PARTE | D3: W166
A4: POSICION ESCALA IZQUIERDA | B4: 65 | C4: DESCRIPCION | D4: FRONT DOOR RIGHT
A5: POSICION ESCALA DERECHA | B5: 640 | C5: OPERADOR | D5: Epifanio Pereira
A6: POSICION ESCALA SUPERIOR | B6: 40 | C6: TITULO | D6: OFFSET
A7: POSICION ESCALA INFERIOR | B7: 450 | C7: OP | D7: BB12G
A8: DIRECTORIO REPORTES | B8: T:\Qualidade\Projetos\Projeto W212\Relatórios de Inspeção final - APROVADAS\Blindado\W166 | C8: FECHA | D8: 00/00/2012
C9: UNIDADES | D9: mm
B10: 1
